Date,departement 01,departement 02,departement 03,departement 04,departement 05,departement 06,departement 07,departement 08,departement 09,departement 10,departement 11,departement 12,departement 13,departement 14,departement 15,departement 16,departement 17,departement 18,departement 19,departement 20,departement 21,departement 22,departement 23,departement 24,departement 25,departement 26,departement 27,departement 28,departement 29,departement 30,departement 31,departement 32,departement 33,departement 34,departement 35,departement 36,departement 37,departement 38,departement 39,departement 40,departement 41,departement 42,departement 43,departement 44,departement 45,departement 46,departement 47,departement 48,departement 49,departement 50,departement 51,departement 52,departement 53,departement 54,departement 55,departement 56,departement 57,departement 58,departement 59,departement 60,departement 61,departement 62,departement 63,departement 64,departement 65,departement 66,departement 67,departement 68,departement 69,departement 70,departement 71,departement 72,departement 73,departement 74,departement 75,departement 76,departement 77,departement 78,departement 79,departement 80,departement 81,departement 82,departement 83,departement 84,departement 85,departement 86,departement 87,departement 88,departement 89,departement 90,departement 91,departement 92,departement 93,departement 94,departement 95,departement 2A,departement 2B
01/2018,9.57,8.8,9.9,9.000000000000002,6.258333333333334,12.944444444444445,10.55,7.94,11.249999999999998,9.25,13.121428571428568,8.816666666666666,13.856250000000001,9.783333333333333,8.983333333333333,11.183333333333332,11.506250000000001,9.925,9.066666666666666,15.850000000000001,9.614285714285714,10.9,9.1,11.257142857142856,7.522222222222221,10.96875,9.78,9.7,11.155555555555553,13.109090909090908,11.922222222222222,11.8,11.942105263157893,14.321052631578945,11.049999999999999,10.166666666666666,10.6,7.854166666666667,8.35,12.525,10.1,9.666666666666666,7.65,11.083333333333334,7.2,10.183333333333334,11.633333333333333,5.8999999999999995,11.37142857142857,10.450000000000001,9.033333333333333,8.45,10.42,8.74,7.4,11.108333333333334,7.911111111111111,8.925,8.84,9.280000000000001,9.3,8.85,8.088888888888889,11.942857142857141,11.3,13.1125,9.022222222222224,8.028571428571428,10.015384615384615,8.466666666666667,9.533333333333333,10.4,6.245454545454546,6.721428571428572,10.4,9.200000000000001,9.9,9.48,11.350000000000001,8.95,11.25,11.559999999999999,14.196,11.906666666666668,11.107692307692306,10.479999999999999,9.4,7.159999999999999,9.9,8.0,9.799999999999999,Null,10.1,Null,9.575000000000001,14.85,15.42222222222222
02/2018,4.18,4.140000000000001,4.06,5.5249999999999995,2.1166666666666667,8.777777777777779,5.249999999999999,3.4200000000000004,6.675000000000001,4.1,9.085714285714284,5.333333333333333,9.056249999999999,6.066666666666666,4.15,7.2,7.9625,4.5,4.416666666666666,12.4,3.814285714285714,7.408333333333334,3.5833333333333335,7.942857142857143,1.2333333333333334,5.593750000000001,5.5249999999999995,5.15,8.100000000000001,8.200000000000001,8.266666666666666,8.35,9.188888888888888,10.073684210526315,7.5625,4.933333333333334,5.866666666666667,2.552173913043478,2.8000000000000003,9.58,5.38,3.25,1.6800000000000002,7.633333333333334,3.625,7.016666666666667,8.566666666666666,1.2,7.271428571428572,7.0,4.325,3.15,6.4,3.1,2.55,8.341666666666667,2.4000000000000004,3.4000000000000004,4.98,4.459999999999999,5.1,5.214285714285714,2.0999999999999996,8.116666666666665,6.8,8.575,3.255555555555555,1.8642857142857145,3.7769230769230777,4.033333333333333,3.6,6.159999999999999,1.781818181818182,1.6857142857142855,5.3,5.5,4.75,4.59,7.1,4.733333333333333,7.9750000000000005,8.320000000000002,10.032000000000002,7.120000000000001,7.221428571428572,6.01,4.966666666666667,1.43,4.800000000000001,2.1,4.666666666666667,Null,4.8,Null,4.675,11.166666666666664,10.68888888888889
03/2018,11.15,9.379999999999999,12.133333333333333,9.241666666666667,5.841666666666668,12.577777777777778,11.73,8.780000000000001,12.024999999999999,10.8,14.085714285714285,10.683333333333332,14.45,10.116666666666665,10.083333333333334,12.719999999999999,12.194117647058825,11.95,10.033333333333333,15.7,10.014285714285714,10.616666666666667,10.666666666666666,13.071428571428571,7.566666666666667,12.84,10.25,11.533333333333333,10.327777777777778,13.333333333333334,13.42222222222222,13.65,13.794444444444444,14.963157894736844,11.314285714285715,11.4,12.133333333333335,9.196,8.55,14.35,12.180000000000001,11.000000000000004,8.599999999999998,11.800000000000002,8.95,12.314285714285715,13.33333333333333,6.933333333333333,12.171428571428573,10.066666666666666,9.925,9.35,10.75,8.940000000000001,7.949999999999999,10.858333333333333,8.277777777777779,10.325,9.08,10.139999999999999,9.6875,8.8,9.022222222222222,13.033333333333337,12.15,13.4125,9.02222222222222,8.05,11.446153846153846,9.5,10.616666666666665,11.375,7.054545454545454,7.335714285714287,11.200000000000001,9.616666666666667,11.25,10.35,12.314285714285715,9.333333333333334,13.825000000000001,13.76,14.437500000000002,12.421428571428569,11.669230769230769,11.96,11.25,7.811111111111111,11.45,8.4,11.033333333333333,Null,11.0,Null,10.524999999999999,14.366666666666665,14.56666666666667
04/2018,19.71,17.52,18.833333333333332,16.490909090909092,15.436363636363636,18.08888888888889,19.190000000000005,18.48,18.4,19.15,18.880000000000003,17.316666666666666,20.318750000000005,16.316666666666666,17.433333333333334,19.228571428571428,17.78235294117647,18.549999999999997,17.483333333333334,20.6,19.085714285714285,15.908333333333333,17.733333333333334,19.985714285714284,17.2625,19.92,17.425,18.2,15.379999999999999,19.28333333333333,19.055555555555557,19.25,19.223529411764705,19.633333333333336,17.17142857142857,17.433333333333334,19.15,17.804000000000002,18.4,19.425,18.82,17.8625,16.269999999999996,17.150000000000002,17.675,19.571428571428573,19.833333333333332,14.049999999999999,18.1,15.516666666666666,18.724999999999998,18.7,16.8,19.2,17.35,16.258333333333333,19.077777777777776,17.625,17.02,17.98,16.3875,15.242857142857144,15.7,17.750000000000004,17.2,18.4,20.09,18.892857142857142,19.13571428571429,19.7,18.616666666666667,17.925,15.945454545454545,17.378571428571426,18.900000000000002,16.409090909090914,18.5,17.919999999999998,18.54285714285714,17.200000000000003,20.05,20.2,20.283333333333335,19.42,17.326666666666664,18.46666666666666,17.833333333333332,17.711111111111112,18.9,19.1,18.483333333333334,Null,18.6,18.4,18.35,19.55,20.255555555555556
05/2018,21.636363636363637,20.94,20.7,18.641666666666666,16.490909090909092,20.477777777777778,21.05,22.26,18.5,22.15,20.6375,18.95,22.27142857142857,18.516666666666666,18.799999999999997,22.02857142857143,20.317647058823535,21.35,18.999999999999996,22.2,21.75714285714286,17.781818181818178,19.45,22.0,18.877777777777776,21.192857142857143,21.160000000000004,21.625,18.58,21.833333333333332,20.177777777777777,20.35,21.444444444444443,22.20555555555556,20.3,19.900000000000002,22.075,18.392,19.65,20.125,22.233333333333338,19.555555555555557,17.27,20.983333333333334,22.475,20.914285714285715,21.666666666666668,15.616666666666667,21.933333333333334,18.166666666666668,22.25,21.8,20.875,22.419999999999998,20.7,20.400000000000002,22.38888888888889,19.825,20.0,20.900000000000002,20.3375,18.28333333333333,17.366666666666664,18.133333333333336,17.549999999999997,20.425,22.33,21.2076923076923,20.66923076923077,22.25,20.983333333333334,22.05,17.472727272727276,18.45,22.51666666666667,19.091666666666672,22.1,21.770000000000003,21.642857142857142,20.566666666666666,20.425,20.660000000000004,22.45833333333333,22.366666666666664,20.673333333333336,21.544444444444444,20.7,20.34,22.049999999999997,21.4,22.299999999999997,Null,22.0,21.9,21.599999999999998,21.033333333333335,21.644444444444446
06/2018,25.559999999999995,22.880000000000003,24.833333333333332,22.391666666666666,20.98333333333333,24.37777777777778,25.44,23.64,23.499999999999996,25.1,26.261538461538468,24.183333333333334,26.85714285714286,21.56,24.0,25.657142857142855,24.98,25.075,23.88333333333333,26.5,25.25714285714286,20.583333333333332,23.116666666666664,26.757142857142856,22.444444444444446,25.5,23.560000000000002,24.474999999999998,21.214285714285715,26.61666666666667,25.775000000000002,24.75,26.11904761904762,27.305882352941175,23.428571428571434,23.933333333333334,24.924999999999997,22.511999999999997,23.5,24.95,24.25,23.42222222222222,21.53,24.0,24.950000000000003,26.042857142857144,26.683333333333334,20.45,25.059999999999995,20.283333333333335,24.875,24.6,23.525,24.92,22.15,23.34615384615385,24.475,24.124999999999996,21.32,23.41666666666666,22.862499999999997,19.45,21.5,22.5,22.15,25.375,24.81,23.742857142857137,24.53076923076923,24.950000000000003,24.916666666666668,24.674999999999997,22.027272727272727,23.27692307692308,24.516666666666666,21.545454545454543,24.5,23.81,25.32857142857143,22.885714285714283,26.574999999999996,26.575,26.952173913043477,25.585714285714285,24.220000000000002,24.788888888888888,24.96666666666667,22.890000000000004,25.15,24.5,24.45,Null,24.0,24.3,23.549999999999997,25.21666666666667,26.46666666666666
07/2018,29.52,27.580000000000002,28.983333333333334,27.150000000000002,25.05,27.590000000000003,29.545454545454547,28.22,27.375,30.0,30.699999999999996,28.58333333333334,31.178571428571423,25.660000000000004,27.666666666666668,28.833333333333332,27.071428571428573,29.225,27.283333333333335,29.9,29.166666666666668,23.891666666666662,27.16666666666667,29.650000000000002,26.822222222222223,30.421428571428567,28.325,28.96666666666667,23.506666666666664,31.391666666666666,29.442857142857143,29.4,27.242105263157896,31.5625,26.585714285714282,27.599999999999998,28.740000000000002,27.071999999999992,27.55,28.18,25.099999999999998,27.533333333333335,26.360000000000003,26.559999999999995,28.575000000000003,29.97142857142857,29.03333333333333,24.933333333333334,28.383333333333336,24.416666666666668,29.5,28.95,27.025000000000002,29.4,25.3,25.183333333333334,28.724999999999998,28.633333333333336,26.74,28.133333333333336,26.685714285714283,24.533333333333335,25.366666666666664,25.833333333333332,25.400000000000002,29.4875,28.35,27.249999999999996,28.653846153846153,29.766666666666666,28.866666666666664,28.65,25.727272727272727,26.27857142857143,29.349999999999998,25.472727272727273,29.3,28.74,28.900000000000002,27.728571428571428,30.525,30.424999999999997,30.904545454545453,30.399999999999995,27.05,28.919999999999998,27.96666666666667,27.17777777777778,29.65,29.3,29.2,Null,28.0,29.0,28.75,29.150000000000002,30.299999999999997
08/2018,28.420000000000005,24.74,28.416666666666668,24.78,23.592857142857145,28.6,28.181818181818183,25.82,26.700000000000003,27.85,30.207692307692305,27.983333333333334,30.221428571428568,23.24,26.86666666666667,28.816666666666666,26.985714285714284,28.200000000000003,26.433333333333337,31.1,27.61666666666667,22.200000000000003,26.799999999999997,29.128571428571426,25.400000000000002,28.935714285714283,25.525000000000002,27.600000000000005,21.64,30.175,29.25714285714286,29.200000000000003,26.133333333333336,31.36875,24.842857142857138,26.46666666666667,27.72,25.85416666666666,26.45,28.049999999999997,21.233333333333334,27.300000000000004,25.240000000000002,25.779999999999994,28.425,29.528571428571432,29.21666666666667,23.71666666666667,26.88333333333333,21.883333333333336,27.275000000000002,26.95,25.325000000000003,27.160000000000004,22.7,23.758333333333336,27.0875,26.125,23.78,25.333333333333332,24.571428571428573,22.05,25.022222222222222,25.557142857142853,25.475,29.24444444444445,27.30909090909091,26.97857142857143,26.985714285714288,28.133333333333336,27.933333333333337,27.075,24.372727272727275,25.415384615384614,27.083333333333332,22.83636363636364,27.15,26.590000000000003,28.28,24.583333333333332,30.575000000000003,30.075000000000003,31.027272727272734,28.653846153846157,26.55,28.130000000000003,27.166666666666668,25.84444444444444,28.35,28.75,27.11666666666667,Null,24.8,27.0,26.549999999999997,29.733333333333334,30.977777777777778
09/2018,25.95,22.3,26.049999999999997,22.740000000000002,22.615384615384617,25.21666666666667,25.581818181818186,21.96,24.919999999999998,24.15,27.43571428571429,25.78333333333333,27.314285714285717,21.080000000000002,24.666666666666668,26.21666666666667,24.83571428571429,25.275,24.46666666666667,27.4,25.071428571428573,21.525000000000002,24.299999999999997,26.98333333333333,22.35,26.635714285714283,22.1,23.75,20.62666666666667,27.53333333333333,27.137499999999996,27.799999999999997,27.050000000000004,28.06666666666667,22.728571428571428,25.933333333333334,24.560000000000002,23.47083333333333,25.7,27.099999999999998,23.916666666666668,24.655555555555555,23.03,23.54,24.5,26.91428571428571,27.95,22.060000000000002,24.533333333333335,20.849999999999998,23.3,23.4,22.775,23.52,22.200000000000003,22.299999999999997,22.912499999999998,23.900000000000002,20.419999999999998,22.085714285714285,22.049999999999997,19.099999999999998,22.477777777777778,25.03333333333333,24.374999999999996,26.111111111111107,23.29090909090909,23.133333333333336,24.607142857142858,23.424999999999997,25.53333333333333,23.85,21.954545454545457,22.746153846153845,23.08333333333334,20.354545454545455,23.15,22.69,25.75,20.985714285714288,28.450000000000003,27.775,27.886363636363637,26.333333333333332,23.986666666666668,25.249999999999996,25.4,21.49,24.75,24.2,22.98333333333333,Null,22.9,22.8,22.474999999999998,27.483333333333334,27.22222222222222
10/2018,17.4,17.7,18.866666666666667,17.211111111111112,15.692307692307692,19.930769230769233,17.700000000000003,17.139999999999997,18.400000000000002,18.6,17.87857142857143,17.516666666666666,21.04,17.200000000000003,18.05,20.333333333333332,19.185714285714287,19.35,18.650000000000002,22.7,17.914285714285715,16.99166666666667,18.266666666666666,20.314285714285713,16.3125,18.7,17.6,19.075,16.586666666666666,19.583333333333332,19.237499999999997,19.6,19.455000000000002,20.847058823529412,17.999999999999996,19.900000000000002,19.339999999999996,16.554166666666667,17.5,19.54,19.266666666666666,17.37777777777778,15.39,18.78,19.725,19.942857142857143,20.083333333333332,14.319999999999999,18.833333333333332,17.249999999999996,17.96,18.0,17.625,18.24,17.25,17.56153846153846,17.200000000000003,18.075,17.080000000000002,18.02857142857143,17.224999999999998,17.01666666666667,15.91111111111111,18.26666666666667,17.95,19.600000000000005,17.354545454545455,16.74166666666667,17.235714285714284,17.425000000000004,17.816666666666666,18.55,15.836363636363641,16.02857142857143,18.916666666666668,17.472727272727273,18.950000000000003,18.110000000000003,19.375,17.414285714285715,19.0,19.45,21.504347826086956,18.800000000000004,18.380000000000003,18.95,20.25,16.1,19.3,17.1,18.616666666666667,Null,18.8,18.6,18.125,22.883333333333336,22.033333333333335
11/2018,10.8,10.559999999999999,12.600000000000001,9.27,8.423076923076922,14.038461538461538,11.327272727272726,9.84,14.1,11.55,12.453846153846154,12.483333333333334,15.714285714285712,11.379999999999999,12.633333333333333,13.540000000000001,13.44,11.825,12.133333333333333,18.2,10.533333333333333,12.258333333333333,12.133333333333333,14.25,9.924999999999999,12.814285714285713,10.620000000000001,10.525,12.831249999999999,13.966666666666667,15.0625,15.0,13.700000000000001,15.766666666666667,12.142857142857144,12.833333333333334,11.760000000000002,10.100000000000001,10.899999999999999,15.2,11.016666666666666,11.144444444444442,9.459999999999999,12.86,11.125,13.8,14.866666666666667,8.719999999999999,12.399999999999999,12.283333333333333,11.120000000000001,10.6,11.34,10.52,10.850000000000001,12.653846153846153,9.862499999999999,11.375,10.52,10.585714285714287,10.5875,10.816666666666665,10.688888888888888,14.899999999999999,14.15,15.08888888888889,9.541666666666668,9.330769230769231,11.285714285714286,11.049999999999999,10.666666666666666,11.375,9.758333333333335,8.792857142857143,11.399999999999999,10.818181818181817,11.05,10.29,12.7,10.242857142857144,15.200000000000001,14.575,15.868181818181817,13.135714285714284,12.714285714285712,12.120000000000001,12.533333333333333,9.922222222222222,11.65,9.5,10.75,Null,11.2,10.8,10.649999999999999,17.966666666666665,17.5375
12/2018,7.610000000000001,8.32,9.1,7.6000000000000005,5.646153846153846,12.576923076923077,8.936363636363637,7.133333333333334,12.566666666666665,8.45,13.358333333333336,9.216666666666667,12.812499999999998,9.98,9.271428571428572,11.040000000000001,11.566666666666666,9.024999999999999,9.15,15.9,7.914285714285714,11.19230769230769,8.9,10.966666666666669,6.05,9.221428571428572,9.575,9.15,11.774999999999999,12.108333333333334,12.4125,12.100000000000001,11.584210526315788,14.131578947368421,10.957142857142857,9.866666666666667,9.580000000000002,6.68,8.0,13.125,5.633333333333334,8.299999999999999,7.4399999999999995,11.2,9.125,10.071428571428573,11.62857142857143,7.0,10.583333333333334,10.85,8.059999999999999,7.2,10.139999999999999,7.216666666666668,6.85,11.284615384615384,6.525,8.15,9.02,9.042857142857143,9.3125,9.52,8.222222222222221,13.533333333333333,13.399999999999999,14.67777777777778,6.766666666666667,6.576923076923077,8.6,6.0,7.933333333333334,9.75,5.925000000000001,5.807142857142857,9.933333333333332,9.436363636363637,8.899999999999999,8.927272727272728,10.7,8.928571428571429,11.200000000000001,11.2,14.530434782608697,10.435714285714283,10.957142857142857,9.530000000000001,9.666666666666666,5.550000000000001,8.9,6.3,8.983333333333333,Null,9.7,9.0,9.1,15.166666666666666,15.3875
01/2019,4.43,5.32,4.814285714285715,4.827272727272727,2.7076923076923074,10.684615384615382,5.663636363636364,4.4,6.959999999999999,5.3,8.758333333333335,4.6000000000000005,9.9375,7.1,3.9142857142857146,7.919999999999999,8.9,5.725,4.466666666666666,13.7,4.614285714285714,8.499999999999998,4.216666666666667,7.8500000000000005,1.9125,6.26923076923077,6.68,6.3,9.375000000000002,9.241666666666665,7.9375,8.1,9.488888888888887,10.994444444444445,8.27142857142857,6.666666666666667,7.2,2.846153846153846,2.8,9.5,6.666666666666667,4.144444444444444,2.0200000000000005,9.239999999999998,6.175,6.357142857142857,8.200000000000001,1.2,8.399999999999999,8.233333333333333,4.9,3.7,7.56,3.9166666666666665,3.75,9.208333333333332,3.3,4.074999999999999,5.94,5.914285714285714,6.2875000000000005,6.283333333333332,2.8666666666666663,8.183333333333334,6.9,10.422222222222222,3.6750000000000007,2.9384615384615382,4.738461538461539,2.875,4.666666666666667,7.15,1.9333333333333333,1.9785714285714284,6.983333333333334,6.609090909090909,6.1,5.849999999999999,8.120000000000001,5.97142857142857,6.766666666666667,7.525,12.121739130434783,7.621428571428571,8.4,7.220000000000001,5.5,1.6909090909090907,5.5,3.2,6.150000000000001,Null,6.5,6.1,6.0,12.35,12.762500000000001
02/2019,11.540000000000001,11.6,13.171428571428573,11.345454545454546,10.215384615384615,13.536363636363633,11.999999999999998,10.783333333333331,14.38,13.05,14.5,13.066666666666668,15.150000000000004,12.219999999999999,12.814285714285713,14.660000000000002,13.96,13.0,12.833333333333334,15.6,11.857142857142858,13.446153846153846,13.0,15.000000000000002,9.925,12.749999999999998,11.679999999999998,12.45,13.0,14.42727272727273,15.1,15.3,15.894117647058822,15.450000000000001,12.77142857142857,13.799999999999999,13.12,9.684615384615384,10.3,16.833333333333332,13.457142857142857,11.6,10.52,13.319999999999999,13.075,14.742857142857144,14.7,9.4,13.02,12.879999999999999,11.620000000000001,11.7,12.080000000000002,11.671428571428573,10.7,12.323076923076922,10.662499999999998,12.275,11.440000000000001,11.9,11.45,11.233333333333334,11.344444444444443,15.75,14.925,14.144444444444446,10.983333333333334,10.600000000000001,11.5,11.075,11.616666666666667,12.399999999999999,9.672727272727274,8.713333333333333,13.133333333333333,11.627272727272727,12.45,12.016666666666667,13.4,11.328571428571427,15.066666666666668,14.825,15.800000000000002,13.507142857142856,13.114285714285714,13.239999999999998,13.433333333333335,9.80909090909091,13.0,10.9,12.333333333333334,Null,12.7,12.3,12.3,15.0,15.2
03/2019,13.98,12.86,14.057142857142855,12.618181818181819,11.438461538461537,16.563636363636363,14.51818181818182,12.183333333333335,15.52,13.45,16.86923076923077,13.683333333333335,17.431250000000002,12.52,12.842857142857143,15.86,14.893333333333334,14.225,13.0,17.4,13.814285714285715,13.184615384615386,13.06666666666667,16.4,10.987499999999999,15.55,13.24,12.875,13.193333333333333,16.808333333333334,16.675,16.8,16.935294117647057,17.844444444444445,14.042857142857143,14.9,14.579999999999998,12.273076923076921,11.95,17.325000000000003,14.471428571428572,13.311111111111112,11.819999999999999,14.16,14.125,15.757142857142854,15.099999999999998,10.22,14.416666666666666,12.666666666666666,13.179999999999998,12.649999999999999,13.64,12.871428571428572,12.0,13.76153846153846,12.2375,12.9,14.520000000000001,13.200000000000001,12.587499999999999,11.37142857142857,11.424999999999999,15.666666666666666,15.3,16.51111111111111,12.991666666666667,12.007692307692308,13.985714285714286,12.175,13.914285714285716,13.875,10.9,11.186666666666667,14.149999999999999,12.063636363636363,13.8,13.299999999999999,14.525,12.385714285714286,16.333333333333336,16.65,18.15,15.757142857142858,14.028571428571428,14.61,14.125,10.518181818181818,13.850000000000001,12.7,13.683333333333332,Null,13.8,13.649999999999999,13.500000000000002,16.733333333333334,17.255555555555556
04/2019,16.36,16.18,16.22857142857143,12.436363636363637,11.676923076923076,15.858333333333336,15.327272727272726,15.983333333333334,15.76,16.55,17.338461538461537,14.766666666666666,17.89375,15.040000000000001,14.385714285714286,17.685714285714287,16.55,16.55,15.283333333333333,18.4,16.12857142857143,14.861538461538462,15.25,18.1,13.500000000000004,16.40714285714286,16.049999999999997,16.5,15.193333333333332,16.681818181818183,17.075,17.4,18.155555555555555,17.955555555555556,16.17142857142857,17.366666666666667,16.96,13.869230769230768,14.65,18.15,17.442857142857143,14.844444444444443,12.560000000000002,16.240000000000002,17.15,17.45714285714286,12.585714285714285,10.680000000000001,17.16,14.616666666666667,16.36,15.3,16.259999999999998,15.485714285714286,15.45,15.707692307692307,15.1875,15.125,15.2,16.199999999999996,15.350000000000001,14.549999999999999,13.125,16.13333333333333,15.225,15.9,15.821428571428573,14.138461538461538,15.525,15.124999999999998,15.971428571428572,16.75,12.381818181818181,13.3,16.833333333333332,15.036363636363633,16.700000000000003,16.25,16.674999999999997,15.799999999999999,17.2,17.6,17.975999999999996,16.07333333333333,15.984615384615385,17.04,16.875,13.016666666666667,16.5,14.5,16.633333333333336,Null,16.7,16.1,16.375,17.866666666666664,18.150000000000002
05/2019,18.11,17.44,17.72857142857143,15.318181818181818,14.599999999999998,17.991666666666667,18.09090909090909,17.366666666666667,18.240000000000002,17.9,20.23846153846154,17.166666666666668,20.88,16.52,16.057142857142857,19.457142857142856,18.93846153846154,18.25,16.666666666666668,19.5,17.97142857142857,16.63076923076923,16.4,19.714285714285715,14.812499999999998,19.006666666666664,17.6,17.900000000000002,17.113333333333337,20.138461538461538,20.075,19.8,20.483333333333334,21.738888888888887,18.2,18.76666666666667,18.419999999999998,15.453846153846154,15.899999999999999,20.025,18.471428571428568,17.0375,14.559999999999999,18.8,18.65,19.21428571428572,14.457142857142859,13.120000000000001,19.3,16.13333333333333,17.9,17.15,18.080000000000002,17.785714285714285,16.5,18.073333333333334,17.15,16.7,16.4,17.95714285714286,17.1125,16.04285714285714,14.537499999999998,17.633333333333336,17.3,19.650000000000002,17.607142857142858,16.115384615384617,17.846666666666668,16.950000000000003,17.942857142857143,18.25,14.475,15.32666666666667,18.433333333333334,16.37272727272727,18.25,17.892307692307693,19.375,17.599999999999998,19.933333333333334,20.325,21.272000000000002,19.342857142857145,18.67142857142857,19.1,17.925,14.825000000000001,17.700000000000003,16.8,18.366666666666667,Null,18.1,17.8,18.0,19.3,19.700000000000003
06/2019,26.540000000000003,24.48,26.54285714285714,24.781818181818185,24.03846153846154,26.741666666666664,26.39090909090909,25.2,25.660000000000004,26.9,26.224999999999994,25.61666666666667,29.133333333333333,21.939999999999998,25.12857142857143,25.55,23.964285714285715,26.3,24.333333333333332,27.6,26.728571428571428,20.261538461538464,24.766666666666666,26.51428571428571,24.633333333333336,27.925000000000004,23.75,24.96666666666667,19.331249999999997,27.961538461538456,26.525,26.4,25.386666666666663,27.572222222222223,22.7,26.8,25.640000000000004,24.819230769230767,25.0,25.0,25.185714285714283,26.23333333333333,23.810000000000002,23.15,25.46666666666667,26.27142857142857,26.21666666666667,21.55,25.4,20.299999999999997,25.619999999999997,26.05,23.660000000000004,26.571428571428577,25.1,21.220000000000006,26.237500000000004,25.25,22.674999999999997,24.357142857142858,22.8625,21.099999999999998,24.037499999999998,23.75,23.925,25.7625,26.699999999999996,25.361538461538466,26.286666666666665,26.2,26.4875,24.8,24.208333333333332,24.242857142857144,25.633333333333336,21.88181818181818,25.15,24.499999999999996,24.75,23.485714285714288,27.399999999999995,27.0,29.18799999999999,28.200000000000003,23.592857142857138,25.699999999999996,25.325,24.275000000000002,26.6,25.6,25.2,Null,25.0,24.85,24.775000000000002,28.63333333333333,28.82222222222222
07/2019,29.57,26.639999999999997,30.37142857142857,25.308333333333334,25.800000000000004,28.98333333333333,29.9,26.16666666666666,28.059999999999995,29.15,30.216666666666665,29.016666666666666,31.449999999999996,24.939999999999998,28.357142857142858,29.728571428571428,27.72142857142857,29.55,28.03333333333333,30.2,29.325000000000003,23.800000000000004,27.783333333333335,30.642857142857142,26.044444444444444,30.512499999999996,27.4,28.866666666666664,23.162499999999998,31.72307692307692,30.166666666666668,29.65,29.41875,32.06111111111111,26.900000000000002,30.066666666666663,29.5,27.228000000000005,26.7,27.799999999999997,29.771428571428572,28.82,26.78,27.674999999999997,29.033333333333335,30.599999999999998,30.333333333333332,24.849999999999998,29.399999999999995,23.45,27.82,28.15,27.900000000000002,28.142857142857142,26.1,25.726666666666663,27.374999999999996,28.8,24.35,27.25714285714286,26.7625,23.0,26.785714285714285,25.899999999999995,25.875,29.688888888888886,27.433333333333334,26.607692307692307,29.219999999999995,27.475,29.775,29.15,26.381818181818186,26.915384615384614,28.63333333333333,24.68,28.35,27.73846153846154,29.35,25.599999999999998,30.899999999999995,30.775,32.28148148148147,30.857142857142858,27.82857142857143,29.629999999999995,28.4,25.391666666666666,29.2,27.85,28.3,Null,27.9,27.6,27.875,30.783333333333335,30.620000000000005
08/2019,27.05,25.559999999999995,28.728571428571428,26.245454545454546,25.646153846153847,28.674999999999997,28.345454545454547,25.333333333333332,27.340000000000003,28.05,29.591666666666665,28.099999999999998,30.73571428571429,23.82,26.571428571428573,28.25714285714286,25.725000000000005,28.575000000000003,26.53333333333333,29.8,27.959999999999997,22.699999999999996,26.849999999999998,28.671428571428574,24.366666666666664,29.4,25.825000000000003,26.96666666666667,21.05,30.66153846153846,29.422222222222224,28.85,28.23333333333333,30.75555555555555,24.549999999999997,28.933333333333337,27.48,25.524000000000004,25.450000000000003,27.325000000000003,28.142857142857142,26.55,25.27,25.0,27.566666666666663,28.900000000000002,28.71666666666667,23.95,26.82,22.150000000000002,26.639999999999997,27.3,25.3,27.171428571428574,25.2,23.12857142857143,26.749999999999996,28.100000000000005,24.124999999999996,25.457142857142856,24.925,22.58571428571429,24.514285714285712,25.666666666666668,25.099999999999998,28.43333333333333,26.913333333333334,25.207142857142856,26.85,26.049999999999997,27.8625,26.375,24.46666666666667,24.938461538461542,26.83333333333333,23.84444444444444,26.65,26.192307692307686,26.7,24.816666666666666,30.26666666666667,29.3,31.33478260869565,30.04285714285714,25.184615384615384,27.27,27.625,24.375,28.4,26.0,26.55,Null,26.2,26.35,26.2,30.583333333333332,29.95
09/2019,23.29,21.22,24.099999999999998,21.92727272727273,21.39230769230769,25.0,24.10909090909091,20.48333333333333,23.859999999999996,22.6,25.733333333333334,23.55,26.6375,20.14,22.814285714285717,25.1625,23.876923076923074,23.6,23.100000000000005,27.3,23.514285714285716,19.861538461538462,22.633333333333336,25.98571428571429,19.787499999999998,24.750000000000004,21.699999999999996,22.475,19.121052631578948,26.330769230769228,25.855555555555558,26.1,25.66111111111111,27.094444444444445,21.63333333333333,24.46666666666667,23.54,21.645833333333332,21.450000000000003,25.525,23.614285714285717,22.61,20.580000000000002,23.0,23.099999999999998,25.585714285714285,26.066666666666674,19.25,23.339999999999996,19.45,21.96,21.9,22.05,21.583333333333332,20.0,21.00714285714286,20.8125,22.25,19.975,21.742857142857144,21.1875,19.45,20.885714285714283,23.349999999999998,22.725,24.833333333333332,21.25333333333333,20.585714285714285,23.20714285714286,20.733333333333334,23.937500000000004,22.725,20.599999999999998,20.771428571428572,22.399999999999995,20.07272727272727,22.45,22.092307692307692,23.775,20.842857142857145,25.666666666666668,26.125,26.87391304347826,25.057142857142857,22.7,23.79,23.849999999999998,19.341666666666665,23.35,21.799999999999997,22.28333333333333,Null,22.3,21.9,22.125,26.96666666666667,27.1
10/2019,17.811111111111114,15.8,17.67142857142857,16.9,16.053846153846152,20.55333333333333,18.250000000000004,15.083333333333334,19.839999999999996,16.950000000000003,20.776923076923076,17.900000000000002,21.768749999999997,15.399999999999999,17.014285714285712,19.474999999999998,18.578571428571426,17.849999999999998,17.033333333333335,23.3,17.12857142857143,15.964285714285717,16.966666666666665,20.016666666666666,15.788888888888888,19.712500000000002,16.125,16.5,15.794736842105264,20.59166666666667,21.022222222222222,21.2,20.852941176470587,21.594444444444445,16.585714285714285,18.366666666666664,17.599999999999998,17.411999999999995,16.25,21.440000000000005,17.37142857142857,17.62,16.42,17.775000000000002,16.8,19.357142857142858,20.914285714285715,14.549999999999999,17.860000000000003,15.571428571428571,16.919999999999998,15.95,16.925,16.0625,14.7,16.35,15.625000000000002,16.375,15.3,15.971428571428573,15.412499999999998,15.566666666666668,16.2125,20.45,19.775,21.11111111111111,16.32,15.807142857142855,17.835714285714285,15.366666666666665,17.487499999999997,16.975,16.27692307692308,15.913333333333334,16.96666666666667,15.7,16.7,16.253846153846155,17.64,15.685714285714285,20.666666666666668,20.6,22.195454545454545,19.892857142857142,17.564285714285713,17.4,17.95,14.424999999999999,17.049999999999997,15.8,16.38333333333333,Null,16.6,16.5,16.275,23.566666666666663,22.879999999999995
11/2019,9.822222222222221,9.6,10.642857142857142,7.33,6.230769230769232,13.733333333333333,9.81,8.5,11.719999999999999,10.2,13.7,9.433333333333332,14.033333333333337,10.0,8.585714285714285,11.328571428571431,12.350000000000003,10.933333333333332,8.459999999999999,18.2,9.757142857142858,11.157142857142857,9.450000000000001,11.828571428571427,7.644444444444444,11.075,10.25,10.325,11.8,12.736363636363633,12.988888888888889,12.65,13.16470588235294,14.733333333333336,11.27142857142857,11.466666666666667,11.079999999999998,8.316,8.55,13.66,10.587499999999999,9.98,7.639999999999999,12.2,10.375,10.857142857142858,12.571428571428571,5.3500000000000005,11.320000000000002,10.814285714285715,9.86,9.149999999999999,10.5,8.9,7.9,11.581249999999999,8.299999999999999,9.025,9.9,10.228571428571428,9.7125,10.200000000000001,8.2375,12.5,11.625,14.100000000000001,8.673333333333334,8.213333333333333,10.06,8.0,10.0,10.700000000000001,7.238461538461538,7.487500000000001,11.133333333333333,10.181818181818182,10.4,9.975,11.52,9.914285714285715,12.633333333333333,12.275,14.390909090909092,11.307142857142859,11.72857142857143,11.02,10.3,7.183333333333334,10.5,8.4,10.383333333333335,Null,10.8,10.5,10.475,16.48333333333333,16.610000000000003
12/2019,9.21111111111111,8.6,10.471428571428572,7.763636363636363,5.907692307692307,13.5,9.827272727272726,8.0,12.9,9.35,13.815384615384614,10.299999999999999,14.133333333333333,9.56,10.014285714285716,12.214285714285714,12.042857142857143,9.9,10.233333333333334,16.7,8.933333333333332,10.628571428571428,10.5,11.914285714285715,7.377777777777778,10.666666666666666,9.399999999999999,9.225,11.288888888888884,12.545454545454549,12.97777777777778,13.15,12.917647058823528,14.123529411764709,10.4,11.166666666666666,10.883333333333333,8.204,7.9,14.02,10.1,9.52727272727273,8.19,11.28,9.85,11.528571428571427,12.285714285714286,7.3,10.92,10.271428571428572,8.959999999999999,8.5,10.049999999999999,8.2875,7.6,10.793333333333333,7.5,9.475000000000001,8.875,8.885714285714286,9.275,9.733333333333334,9.0125,13.916666666666666,13.6,14.244444444444447,7.319999999999999,7.3066666666666675,9.549999999999999,7.166666666666667,9.175,10.1,6.05,7.012500000000001,10.266666666666666,9.463636363636363,9.4,9.069230769230769,11.459999999999999,8.7875,12.6,12.05,14.866666666666664,11.592857142857143,11.33076923076923,10.64,11.125,6.850000000000001,9.8,7.7,9.366666666666667,Null,9.6,9.5,9.175,15.742857142857142,15.549999999999997
01/2020,8.288888888888888,8.28,9.957142857142857,7.499999999999999,6.053846153846153,12.038461538461538,8.891666666666667,7.45,10.933333333333332,8.9,12.166666666666666,8.833333333333334,13.026666666666666,9.1,8.885714285714288,11.285714285714286,11.471428571428572,9.833333333333334,9.266666666666666,15.4,7.783333333333334,10.64285714285714,9.466666666666667,11.442857142857145,7.222222222222222,9.893749999999999,9.08,9.175,10.926315789473682,11.199999999999998,11.855555555555556,11.85,12.647058823529411,12.857894736842104,10.528571428571428,10.733333333333334,10.216666666666667,7.276,7.6,13.36,9.799999999999999,8.59,7.2700000000000005,11.120000000000001,9.65,10.585714285714287,11.566666666666668,5.7,10.66,10.12857142857143,8.72,7.900000000000001,9.700000000000001,7.3,6.9,10.780000000000001,6.9625,8.674999999999999,8.55,8.583333333333332,8.787500000000001,9.200000000000001,7.974999999999998,12.716666666666667,11.825,12.819999999999999,7.057142857142857,7.360000000000001,8.471428571428572,8.05,7.9,9.85,6.146666666666666,6.475,9.716666666666667,9.036363636363637,9.25,8.753846153846153,10.48,8.7125,10.799999999999999,11.174999999999999,13.372727272727273,10.542857142857144,10.723076923076924,10.25,10.024999999999999,6.375,9.4,7.4,9.266666666666667,Null,9.2,8.899999999999999,8.825,14.485714285714284,14.279999999999998
02/2020,11.671428571428569,10.64,13.075,11.368749999999999,9.383333333333333,13.788235294117646,11.194117647058821,9.566666666666666,14.4,11.083333333333334,15.327777777777776,11.366666666666667,15.223809523809523,10.744444444444445,10.023076923076921,13.8,13.423529411764708,12.133333333333333,11.381818181818181,14.66,10.900000000000002,11.80909090909091,11.549999999999999,13.858333333333334,9.333333333333336,13.114999999999998,11.225,11.483333333333334,11.671428571428573,14.444444444444445,15.299999999999999,14.614285714285716,15.050000000000002,15.873076923076923,12.15,12.700000000000001,12.436363636363637,10.624324324324329,9.933333333333332,15.881818181818181,12.144444444444444,11.626666666666667,10.458823529411765,12.87142857142857,12.1,13.390909090909092,14.4,8.38888888888889,12.522222222222222,11.08,10.916666666666666,10.15,11.357142857142858,10.054545454545455,9.333333333333334,12.02,9.53076923076923,10.887500000000001,9.985714285714286,10.818181818181818,10.718181818181817,10.041666666666666,10.247058823529414,16.12727272727273,14.790000000000001,16.046666666666667,10.200000000000003,10.173684210526314,12.15263157894737,9.885714285714286,12.16,11.757142857142856,7.486956521739131,9.077272727272726,12.25,10.593333333333334,11.58888888888889,11.406666666666666,12.211111111111112,10.475,12.709999999999999,14.1375,15.770000000000001,13.349999999999998,12.389473684210527,12.442857142857141,12.077777777777778,8.255,11.5375,10.9,11.762500000000001,Null,12.1,11.5,11.360000000000001,16.016666666666666,16.800000000000004
03/2020,13.057142857142855,12.0,13.312499999999998,11.775,10.161111111111113,12.81176470588235,12.541176470588235,11.366666666666667,13.290000000000001,12.633333333333333,14.322222222222223,12.399999999999999,16.1,11.6,11.153846153846153,14.518181818181818,14.231250000000003,13.62,12.600000000000001,13.820000000000002,12.27,11.827272727272726,12.175000000000002,14.964285714285714,10.206666666666669,14.430000000000001,12.100000000000001,12.5,12.053571428571427,15.335294117647058,14.783333333333337,14.714285714285714,15.395833333333336,15.808333333333335,13.183333333333332,13.9,13.618181818181819,11.486842105263158,11.666666666666666,15.663636363636364,13.288888888888888,11.656250000000002,10.59375,13.957142857142857,13.14,14.299999999999999,14.945454545454545,9.3,13.533333333333333,11.489999999999998,12.33846153846154,11.799999999999999,12.625,11.636363636363637,11.299999999999999,13.147368421052631,11.376923076923076,12.6625,10.942857142857141,11.890909090909089,11.890909090909089,10.733333333333334,10.466666666666667,14.772727272727273,12.839999999999998,14.206666666666662,11.325000000000003,10.789473684210526,12.672222222222224,11.775,13.260000000000002,12.828571428571427,8.356521739130434,9.58695652173913,13.200000000000001,11.239999999999998,12.68888888888889,12.366666666666667,13.444444444444445,11.35,12.930000000000001,14.887500000000001,15.845161290322583,14.376470588235295,13.594117647058825,13.528571428571425,13.011111111111111,9.931578947368424,13.187500000000002,11.5,12.899999999999999,Null,12.6,12.4,12.26,15.25,15.280000000000001
04/2020,20.414285714285715,20.066666666666666,20.525,16.387500000000003,15.811111111111112,16.81111111111111,18.288235294117648,19.58888888888889,17.43,20.95,17.755555555555556,17.416666666666668,19.599999999999994,18.089999999999996,17.0,20.825,19.841176470588234,20.65,18.72,17.325,20.21,17.172727272727272,18.791666666666664,20.792857142857148,18.08,20.040000000000003,19.5875,19.966666666666665,16.90714285714286,19.03125,19.50833333333333,19.971428571428568,20.683333333333334,18.986956521739135,19.616666666666667,20.666666666666668,20.48181818181818,17.986842105263158,18.816666666666666,20.818181818181817,20.7,18.412499999999998,16.876470588235293,19.75,20.720000000000002,20.290909090909093,20.700000000000003,14.033333333333335,20.200000000000003,17.330000000000002,20.45384615384615,20.433333333333334,19.675,20.310000000000002,19.766666666666666,18.490000000000002,19.807692307692307,20.325,17.82857142857143,19.60909090909091,19.16363636363636,17.51666666666667,17.376470588235293,20.21111111111111,17.119999999999997,17.193333333333335,19.809999999999995,19.252631578947362,19.71111111111111,20.2125,20.779999999999998,20.12857142857143,15.390476190476189,16.977272727272727,21.18333333333333,18.346666666666668,20.662499999999998,20.23333333333333,20.01111111111111,19.058333333333334,17.94,20.675,19.499999999999996,18.605882352941176,19.147058823529417,20.021428571428572,19.562500000000004,18.56315789473684,21.1125,19.8,20.759999999999998,Null,20.5,20.35,20.080000000000002,18.55,18.779999999999998
05/2020,21.535714285714285,20.88333333333333,21.400000000000002,20.23125,19.177777777777777,21.18947368421053,20.923529411764708,20.41111111111111,21.727272727272727,20.633333333333333,23.182352941176468,21.483333333333334,24.068421052631578,18.97,19.86923076923077,22.95833333333334,22.41111111111111,21.479999999999997,21.209999999999997,21.75,20.37777777777778,19.004545454545454,19.975,23.707142857142856,18.473333333333336,22.745000000000005,20.61111111111111,21.083333333333336,19.560714285714283,23.65555555555555,23.308333333333334,23.333333333333332,23.879166666666666,24.487499999999997,21.291666666666668,21.833333333333332,22.263636363636365,19.915384615384617,19.583333333333332,23.87272727272727,21.880000000000003,19.512499999999996,18.83529411764706,22.3125,21.34,23.781818181818185,23.9,17.87777777777778,22.133333333333336,18.509999999999998,20.53076923076923,19.95,21.225,20.259999999999998,19.666666666666668,21.250000000000004,19.815384615384616,20.6875,19.485714285714288,20.38,20.363636363636363,18.76923076923077,18.43333333333333,22.518181818181816,21.249999999999996,22.806666666666672,19.910000000000004,19.111111111111107,20.93333333333333,20.0,21.400000000000002,21.685714285714283,17.15217391304348,18.645454545454545,21.98333333333333,18.866666666666667,21.366666666666664,21.05714285714286,21.888888888888893,19.58181818181818,21.95,24.2125,23.938709677419357,22.72352941176471,21.638888888888893,21.9,21.4125,18.57,21.0375,19.7,21.700000000000003,Null,21.4,20.95,20.98,22.814285714285713,23.470000000000002
06/2020,23.04615384615385,23.316666666666666,23.099999999999998,21.346666666666668,20.464705882352945,22.723529411764705,22.91764705882353,22.38888888888889,21.772727272727273,22.933333333333337,24.623529411764707,22.14166666666667,26.150000000000002,21.03,20.084615384615386,23.099999999999998,21.916666666666668,23.14,20.840000000000003,24.279999999999998,22.81,19.65217391304348,21.075,23.508333333333336,20.339999999999996,24.6421052631579,22.744444444444447,23.200000000000003,19.139285714285712,25.7764705882353,24.150000000000002,23.733333333333334,23.469565217391306,26.204000000000004,21.349999999999998,23.099999999999998,22.954545454545453,21.559999999999995,21.61666666666667,23.572727272727267,24.03636363636364,21.687500000000004,20.450000000000003,22.0,23.2,23.218181818181815,24.163636363636364,18.511111111111113,22.46666666666667,20.05,23.17142857142857,22.166666666666668,21.4375,22.970000000000002,21.942857142857143,20.550000000000008,22.523076923076925,22.4625,21.428571428571427,22.98,21.69090909090909,21.05,19.42222222222222,22.27272727272727,20.56,23.906666666666663,22.679999999999996,22.082352941176474,23.227777777777774,22.066666666666666,23.85,22.62857142857143,18.463636363636365,19.963636363636365,24.0,21.285714285714285,23.488888888888887,23.35714285714286,21.91111111111111,22.63636363636364,22.97,24.7,26.316129032258065,24.776470588235295,21.288888888888888,22.50714285714286,21.5375,20.56,23.4375,22.1,24.285714285714285,Null,23.7,22.9,23.44,25.357142857142858,26.45
07/2020,28.607692307692314,25.28333333333333,28.1,27.35625,26.311764705882354,26.963157894736838,28.064705882352946,24.555555555555557,26.572727272727278,27.13333333333333,29.172222222222224,28.024999999999995,31.110526315789468,22.79,25.707692307692305,28.774999999999995,26.299999999999997,27.610000000000003,26.18,28.966666666666665,27.41111111111111,21.639130434782604,25.90769230769231,28.892307692307693,24.68125,30.04,24.77777777777778,26.339999999999996,20.76666666666667,30.952941176470592,28.775000000000002,28.52857142857143,28.191304347826087,31.21666666666667,24.566666666666666,27.866666666666664,27.190909090909088,27.195121951219512,26.150000000000002,27.663636363636364,27.518181818181823,26.725,25.787499999999994,25.425,27.26,28.936363636363634,28.94545454545454,24.6,26.311111111111117,21.700000000000003,26.45714285714286,26.650000000000002,24.925,26.619999999999997,25.6,23.61363636363637,25.907142857142855,26.9125,22.942857142857147,25.06,24.563636363636363,21.86666666666667,24.40555555555556,25.299999999999997,24.718181818181815,28.2125,26.339999999999996,25.672222222222224,28.350000000000005,25.862499999999997,28.669999999999998,26.114285714285717,23.104545454545452,25.327272727272724,26.9,22.292307692307695,26.81111111111111,25.900000000000002,27.04444444444444,23.941666666666666,28.020000000000003,29.487499999999997,31.299999999999997,30.023529411764706,25.410526315789475,27.464285714285715,26.671428571428574,24.589473684210525,27.475,26.5,27.32857142857143,Null,26.2,25.950000000000003,25.860000000000003,29.671428571428574,30.229999999999997
08/2020,29.038461538461544,27.98333333333333,28.837500000000002,27.518750000000004,25.299999999999997,28.373684210526317,28.088235294117645,27.866666666666664,27.60909090909091,28.916666666666668,29.200000000000003,28.26666666666667,31.08421052631579,24.73,25.900000000000002,28.875000000000004,26.468421052631577,28.499999999999993,26.85,30.349999999999994,28.511111111111113,23.426086956521743,26.776923076923083,29.257142857142856,25.393749999999997,30.190000000000005,26.61111111111111,28.0,22.057142857142853,30.547058823529415,29.650000000000002,29.757142857142856,28.71739130434782,30.620833333333337,25.491666666666664,29.03333333333333,28.21,27.08095238095238,27.25,28.954545454545453,28.02,27.360000000000003,25.89375,25.974999999999998,28.439999999999998,29.572727272727274,29.718181818181815,24.8375,27.311111111111114,23.575,28.707692307692305,28.450000000000003,25.974999999999998,28.630000000000003,28.271428571428572,24.395454545454548,27.842857142857145,28.0625,26.3,27.339999999999996,26.029999999999994,25.191666666666666,25.072222222222223,27.30909090909091,26.20909090909091,28.481250000000003,27.229999999999997,26.136842105263153,28.689473684210526,27.4,29.51,27.599999999999998,23.66190476190476,24.85909090909091,28.450000000000003,24.740000000000002,28.766666666666666,27.56923076923077,27.71111111111111,26.316666666666666,28.77,30.2,31.79666666666667,29.89411764705882,26.13157894736842,27.96153846153846,27.342857142857145,26.126315789473686,29.0125,27.35,28.157142857142855,Null,28.2,27.55,27.7,30.38571428571429,31.03636363636364
09/2020,24.069230769230767,23.516666666666666,24.662499999999998,21.91333333333333,19.900000000000002,23.852631578947367,23.105882352941176,23.277777777777782,23.3,24.516666666666666,25.20555555555556,22.900000000000002,26.205263157894734,21.240000000000002,20.99285714285714,25.86666666666667,24.510526315789477,24.740000000000002,22.809999999999995,25.116666666666664,23.93,20.452173913043474,22.907692307692308,25.57857142857143,21.159999999999993,24.714999999999996,22.56666666666667,24.183333333333334,20.121428571428574,25.341176470588238,25.774999999999995,25.74285714285714,26.16086956521739,25.82608695652174,22.724999999999998,25.366666666666664,24.85454545454546,21.643902439024384,22.45,26.154545454545453,24.983333333333334,22.337499999999995,20.762499999999996,23.8125,24.98,24.759999999999998,25.959999999999997,19.5375,24.28888888888889,20.633333333333336,24.285714285714285,23.95,23.3,23.619999999999997,23.357142857142858,22.260869565217387,22.871428571428574,23.975,21.657142857142855,22.99,22.654545454545456,20.71666666666667,20.427777777777774,24.772727272727273,22.90909090909091,23.7,22.67,21.978947368421053,23.857894736842102,23.114285714285717,24.724999999999998,24.328571428571426,18.065217391304348,20.345454545454547,24.649999999999995,21.01875,24.566666666666666,23.450000000000006,24.633333333333336,22.0,23.82,25.825,26.329999999999995,24.447058823529414,23.822222222222223,24.928571428571434,23.9875,21.510526315789477,24.9375,23.1,24.3,Null,24.3,23.9,23.66,25.799999999999997,26.61818181818182
10/2020,14.584615384615383,14.799999999999999,15.0,14.3875,12.766666666666667,16.66111111111111,14.182352941176468,14.044444444444444,16.10909090909091,14.833333333333334,17.938888888888886,14.158333333333333,19.005555555555556,15.14,12.392857142857142,16.808333333333334,17.116666666666664,15.169999999999998,13.45,18.54,13.75,15.117391304347825,13.807692307692308,16.521428571428576,12.512500000000001,16.564999999999998,15.277777777777779,15.2,15.075862068965513,17.623529411764707,17.527272727272727,17.24285714285714,18.15833333333333,18.79166666666666,15.741666666666665,15.9,16.018181818181816,13.83023255813953,13.620000000000001,18.581818181818182,15.491666666666667,13.533333333333333,12.2,16.6,15.319999999999999,15.479999999999999,17.31,10.822222222222221,16.166666666666668,15.191666666666665,14.807142857142855,13.866666666666667,15.162499999999998,14.48,13.900000000000002,15.634782608695648,13.957142857142857,13.757142857142856,14.457142857142856,14.99,14.563636363636363,14.692307692307688,12.061111111111114,17.754545454545454,16.3,18.047058823529408,14.128571428571428,13.373684210526319,14.605263157894736,13.700000000000003,14.875,15.571428571428571,10.778260869565218,12.359090909090908,15.899999999999999,15.056249999999999,15.444444444444445,15.066666666666666,16.04444444444444,15.016666666666666,15.309999999999997,16.9625,19.365624999999998,16.841176470588234,16.144444444444442,15.857142857142856,14.575000000000001,12.336842105263157,15.049999999999999,14.0,15.5,Null,15.9,15.350000000000001,15.219999999999999,19.8,20.327272727272728
11/2020,12.400000000000002,12.316666666666665,14.65,13.399999999999999,11.827777777777776,14.93333333333333,12.3,11.533333333333335,15.327272727272726,13.299999999999999,15.866666666666674,14.316666666666665,20.120000000000005,13.34,13.335714285714285,15.983333333333334,15.799999999999999,14.16,14.61,16.15,11.98,13.9304347826087,14.430769230769231,16.0,11.811764705882354,14.049999999999997,13.100000000000001,13.14,14.19655172413793,15.258823529411764,16.553846153846152,16.528571428571432,17.075000000000003,16.378260869565217,14.181818181818182,14.966666666666667,14.409090909090912,11.776744186046512,12.316666666666668,17.554545454545455,14.225000000000001,12.613333333333335,11.48235294117647,15.087500000000002,14.16,15.745454545454548,16.72,10.955555555555556,14.511111111111111,13.681818181818182,12.814285714285715,12.233333333333334,13.399999999999999,11.399999999999999,11.657142857142858,14.422727272727274,10.642857142857142,13.362499999999999,12.299999999999999,12.499999999999998,12.909090909090912,12.607692307692307,12.494444444444445,17.609090909090913,16.063636363636363,15.65294117647059,9.904761904761905,10.878947368421054,12.531578947368422,12.171428571428569,12.225,13.657142857142857,10.077272727272726,10.221739130434784,14.116666666666669,12.862499999999999,13.160000000000002,12.946666666666665,14.866666666666667,12.341666666666667,15.139999999999997,16.4125,17.264516129032256,15.03529411764706,15.03157894736842,14.700000000000003,15.037500000000001,11.357894736842104,13.674999999999999,11.6,13.171428571428569,Null,13.3,12.75,12.88,18.000000000000004,17.645454545454545
12/2020,7.264285714285713,8.049999999999999,8.762500000000001,5.653333333333334,3.1526315789473682,8.76842105263158,6.652941176470588,7.166666666666667,8.845454545454546,8.033333333333333,10.488888888888887,7.0249999999999995,11.254545454545456,9.133333333333333,5.685714285714285,10.308333333333334,11.257142857142858,8.690000000000001,6.85,12.016666666666666,6.790000000000001,10.178260869565218,7.515384615384615,9.435714285714285,5.2294117647058815,8.27,8.966666666666667,8.48,10.941379310344828,9.552941176470588,10.507692307692308,10.642857142857142,11.788,11.137499999999998,10.008333333333333,9.633333333333335,9.563636363636364,5.974418604651162,6.316666666666667,12.28181818181818,8.836363636363636,7.08,5.48235294117647,11.087499999999999,8.84,8.52,10.309090909090909,3.750000000000001,10.155555555555555,9.675,8.046153846153844,6.883333333333333,9.137500000000001,7.140000000000001,6.928571428571428,10.622727272727273,6.673333333333334,7.612500000000001,7.957142857142857,8.280000000000001,8.472727272727273,8.476923076923077,5.783333333333334,11.718181818181817,9.627272727272727,10.558823529411763,6.352380952380951,6.063157894736842,7.726315789473685,6.514285714285714,7.8999999999999995,9.2,3.182608695652174,4.530434782608696,9.316666666666666,8.879999999999999,8.67,8.500000000000002,9.766666666666666,8.258333333333335,8.44,9.6875,11.393749999999999,8.623529411764704,10.727777777777776,9.421428571428569,8.2375,5.463157894736843,8.4625,6.35,8.842857142857143,Null,9.1,8.8,8.6,13.733333333333334,13.836363636363636
01/2021,4.192857142857142,5.816666666666666,6.0777777777777775,4.89375,1.875,8.238888888888889,4.633333333333334,4.5,7.1,5.800000000000001,8.966666666666669,4.966666666666667,10.054545454545453,7.339999999999999,3.473333333333333,8.063636363636364,8.785714285714285,6.660000000000001,4.9399999999999995,10.183333333333332,4.73,8.80434782608696,5.300000000000001,7.7857142857142865,2.2823529411764705,5.627272727272728,6.833333333333334,6.5,9.370370370370368,8.940000000000001,8.691666666666666,8.571428571428573,9.744,10.47916666666667,8.316666666666666,7.400000000000001,7.554545454545454,3.2523809523809524,3.4,9.772727272727273,6.953846153846154,4.128571428571429,2.5277777777777772,8.866666666666667,6.840000000000001,6.85,8.445454545454545,1.8200000000000003,8.011111111111111,7.941666666666666,5.984615384615385,4.6000000000000005,7.2875000000000005,4.4727272727272736,4.299999999999999,9.009090909090908,3.7199999999999993,5.728571428571429,5.542857142857143,6.3999999999999995,6.5181818181818185,6.223076923076923,3.0388888888888883,9.081818181818182,7.5,9.617647058823529,3.8285714285714283,3.87,4.989473684210526,3.985714285714286,5.4750000000000005,7.314285714285715,0.491304347826087,1.873913043478261,7.566666666666666,6.921428571428572,6.720000000000001,6.66,7.800000000000001,6.0928571428571425,6.16,8.05,11.058064516129033,7.4823529411764715,8.405555555555553,7.371428571428572,6.2625,2.5157894736842104,6.35,4.0,6.8999999999999995,Null,7.2,7.0,6.6,12.216666666666667,12.489999999999998
02/2021,11.299999999999999,9.316666666666668,11.977777777777778,10.941176470588234,8.457142857142856,12.23,10.088235294117647,9.122222222222222,13.708333333333334,10.05,13.350000000000001,11.06153846153846,14.495454545454544,9.42,10.580000000000002,13.072727272727274,12.568421052631578,11.359999999999998,12.12,14.300000000000002,9.650000000000002,9.999999999999998,11.315384615384614,13.94,9.123529411764705,12.1,9.511111111111111,9.419999999999998,10.203225806451613,12.7,14.092307692307692,13.928571428571429,14.66666666666667,13.674999999999999,10.241666666666667,12.0,11.024999999999999,10.535714285714288,10.540000000000001,15.545454545454545,10.669230769230769,10.873333333333333,9.31111111111111,11.211111111111112,10.875,13.540000000000001,14.459999999999999,7.7200000000000015,10.844444444444445,9.57272727272727,10.03076923076923,9.116666666666667,9.35,9.336363636363636,9.2,10.227272727272725,8.821428571428571,10.785714285714286,8.22857142857143,9.090909090909092,8.581818181818184,8.515384615384617,10.283333333333335,15.345454545454542,14.163636363636362,13.682352941176468,8.695238095238095,9.290000000000001,10.994736842105263,9.457142857142857,10.875,9.842857142857143,7.572727272727272,8.68695652173913,10.483333333333333,9.1,10.139999999999997,9.566666666666668,11.4,9.178571428571429,12.16,14.399999999999999,14.309677419354838,12.511764705882355,11.066666666666666,11.207142857142857,12.275,8.45263157894737,10.5,9.0,10.057142857142855,Null,10.1,9.9,9.62,14.866666666666667,14.799999999999999
03/2021,12.668750000000001,12.642857142857142,12.944444444444445,12.158823529411766,9.971428571428572,13.34,11.835294117647058,12.111111111111109,12.958333333333334,12.6,14.494444444444447,12.576923076923075,15.895454545454543,12.25,11.066666666666666,15.045454545454545,14.514999999999997,13.25,12.627272727272727,14.283333333333333,11.954545454545455,12.669565217391305,12.007692307692308,15.159999999999997,9.564705882352943,13.161904761904763,12.733333333333333,13.0,12.654838709677419,15.185000000000002,14.953846153846152,15.214285714285714,16.024,15.99130434782609,13.375000000000002,14.0,14.1,11.032558139534887,10.916666666666666,16.363636363636363,13.884615384615385,11.156250000000002,10.005555555555553,14.23,13.919999999999998,14.65,15.690000000000001,9.090909090909092,14.0,12.241666666666667,12.815384615384614,11.699999999999998,12.887500000000001,11.990909090909092,11.633333333333333,13.49047619047619,11.400000000000002,12.725000000000001,11.285714285714286,12.445454545454545,12.481818181818182,11.228571428571428,9.994444444444445,14.654545454545454,13.090909090909093,14.11764705882353,11.2,10.989473684210523,12.311111111111112,11.228571428571428,12.766666666666667,13.6125,7.769565217391304,9.417391304347827,13.683333333333335,11.892857142857144,13.26,12.966666666666667,14.05,12.18,13.329999999999998,15.412500000000001,16.280645161290323,14.152941176470586,13.805555555555557,13.964285714285714,13.2375,9.780000000000001,13.1125,11.5,13.457142857142856,Null,13.3,13.1,12.940000000000001,15.485714285714286,15.818181818181818
04/2021,15.143749999999999,14.085714285714287,15.600000000000001,13.000000000000002,11.04761904761905,13.889999999999997,13.61111111111111,13.666666666666666,14.975000000000001,14.383333333333333,16.583333333333332,14.76923076923077,17.513636363636365,12.639999999999997,12.993333333333336,17.78181818181818,17.323809523809523,15.559999999999999,15.027272727272726,15.6,14.836363636363636,13.266666666666666,14.261538461538462,17.633333333333333,11.947058823529412,15.172727272727268,13.833333333333332,14.516666666666666,14.470000000000002,16.839999999999996,17.03076923076923,17.357142857142858,18.37142857142857,17.782608695652176,15.20833333333333,16.233333333333334,16.558333333333334,13.195348837209307,13.566666666666668,18.154545454545456,16.10769230769231,13.05,11.56111111111111,16.833333333333332,15.7,17.04,18.029999999999998,10.8,16.48,12.858333333333334,14.592857142857143,14.083333333333334,14.825,13.990909090909089,13.416666666666666,15.600000000000001,13.22857142857143,15.066666666666666,11.62857142857143,13.454545454545455,13.88,11.47857142857143,11.755555555555553,16.581818181818182,15.081818181818182,16.029411764705884,13.399999999999999,13.095238095238095,14.521052631578947,13.5375,15.516666666666666,15.5375,9.921739130434782,11.782608695652176,14.950000000000001,12.22,14.789999999999997,14.253333333333334,16.925,12.968750000000002,15.550000000000002,17.95,17.222580645161297,15.794117647058824,16.677777777777777,16.428571428571427,15.837500000000002,12.129999999999997,14.962499999999999,12.65,15.1,Null,14.5,14.149999999999999,14.14,17.028571428571432,17.290909090909093
05/2021,17.499999999999996,17.114285714285714,17.6,16.623529411764704,14.357142857142858,18.68,17.422222222222224,16.433333333333334,18.474999999999998,16.98333333333333,20.757894736842108,17.07692307692308,21.327272727272728,16.245454545454546,15.186666666666667,19.083333333333332,18.174999999999997,17.749999999999996,16.490909090909096,19.833333333333332,16.55454545454546,15.737499999999997,16.269230769230766,19.38666666666667,13.94705882352941,18.859090909090913,16.84444444444445,17.05,15.143333333333334,20.674999999999997,20.230769230769234,20.02857142857143,19.62222222222222,21.126086956521736,17.25384615384616,18.3,18.224999999999998,16.699999999999996,15.333333333333334,20.075,17.984615384615385,16.3,15.405555555555559,17.910000000000004,17.759999999999998,18.79,20.009999999999998,13.789999999999997,18.020000000000003,15.641666666666666,17.192857142857143,16.150000000000002,16.825,16.227272727272727,15.833333333333334,16.509090909090904,15.785714285714286,16.400000000000002,16.114285714285714,16.87272727272727,16.527272727272727,15.685714285714285,14.483333333333333,19.3,18.154545454545453,20.094117647058823,16.10952380952381,15.469999999999999,17.349999999999998,15.249999999999998,17.474999999999998,17.6,12.29090909090909,14.27391304347826,17.560000000000002,15.753333333333332,17.349999999999998,17.193333333333328,18.375,16.668750000000003,18.37,19.862499999999997,21.219999999999995,20.018749999999997,17.744444444444444,18.3,17.4125,14.14,17.1875,15.9,17.82857142857143,Null,17.5,17.1,17.080000000000002,20.514285714285712,21.445454545454545
06/2021,25.26666666666667,23.985714285714288,24.811111111111114,24.288888888888884,22.304761904761907,24.770000000000003,24.216666666666672,24.288888888888888,24.141666666666666,24.900000000000002,26.6421052631579,23.738461538461536,28.80454545454546,21.2,22.57333333333333,25.383333333333336,24.08095238095238,25.28,23.341666666666665,26.71666666666667,24.563636363636363,19.662499999999998,23.315384615384616,25.479999999999997,22.676470588235293,26.033333333333342,22.67777777777778,23.816666666666666,19.756249999999998,27.419999999999998,26.075000000000003,25.757142857142856,25.47407407407407,27.85217391304348,22.16923076923077,25.46666666666667,24.75,23.988095238095234,23.549999999999997,24.925,25.153846153846153,23.352941176470587,21.8,23.85,25.18,25.259999999999998,25.869999999999997,20.479999999999997,24.16,20.233333333333338,24.95714285714286,24.150000000000002,22.7875,25.036363636363635,24.133333333333336,22.045454545454547,25.05,24.11111111111111,22.342857142857145,23.245454545454546,22.545454545454547,21.278571428571432,21.427777777777777,23.454545454545453,22.88181818181818,26.299999999999997,25.41818181818182,24.58421052631579,24.865,23.987499999999997,25.241666666666664,24.0375,20.92173913043478,22.487999999999996,24.720000000000002,21.06,25.01111111111111,23.766666666666666,24.850000000000005,22.227777777777774,24.56,26.514285714285712,28.040625000000006,27.341176470588234,23.689473684210522,24.58571428571429,24.1125,23.26666666666667,25.0,24.7,25.27142857142857,Null,24.3,24.3,23.860000000000003,27.28571428571428,27.62727272727273
07/2021,24.59375,23.542857142857144,23.799999999999997,26.188235294117646,23.652380952380952,26.82,24.42222222222222,23.022222222222226,24.96666666666667,23.816666666666666,27.80526315789473,24.36923076923077,30.338095238095235,22.327272727272724,22.393333333333334,25.208333333333332,23.966666666666665,24.35,23.008333333333336,29.216666666666665,23.70909090909091,21.579166666666666,22.476923076923075,25.464285714285715,21.670588235294115,26.447619047619046,23.57777777777778,24.25,21.489655172413794,28.82,26.474999999999998,25.642857142857146,25.624999999999996,29.254545454545447,23.457142857142856,24.53333333333333,24.825000000000003,23.41627906976744,22.75,25.225000000000005,24.6,22.681250000000002,22.18823529411765,23.869999999999997,24.56,25.28,26.060000000000002,21.33,24.35,21.591666666666665,23.97142857142857,23.099999999999998,23.349999999999998,23.749999999999996,23.299999999999997,22.777272727272727,23.37142857142857,23.033333333333335,22.25,23.44545454545455,23.136363636363637,21.814285714285717,20.922222222222224,23.636363636363637,23.027272727272727,27.48,23.83913043478261,23.061111111111114,24.094736842105267,23.025,24.349999999999998,24.400000000000002,20.499999999999996,21.712000000000003,24.04,22.107142857142858,24.400000000000002,23.71428571428571,24.625,22.923529411764708,24.999999999999996,26.414285714285718,30.54333333333333,28.805882352941175,23.68421052631579,24.60714285714286,23.525,21.9047619047619,24.112499999999997,23.6,24.5625,Null,24.1,23.75,23.699999999999996,30.033333333333335,30.310000000000002
08/2021,24.175,22.833333333333332,24.055555555555557,25.964705882352945,23.24761904761905,26.986363636363635,24.25,22.22222222222222,25.45833333333333,23.7,27.794999999999998,24.93846153846154,29.6047619047619,20.99090909090909,22.419999999999998,24.950000000000003,23.747619047619043,24.110000000000003,23.09166666666667,29.200000000000003,23.345454545454547,20.750000000000004,22.192307692307686,25.45714285714286,20.427777777777774,26.114285714285714,22.17777777777778,23.21666666666667,20.444827586206898,29.085,27.166666666666668,26.428571428571427,25.807692307692307,29.381818181818186,22.107142857142858,24.233333333333334,24.066666666666666,22.758139534883718,21.814285714285717,26.125000000000004,24.0,22.462500000000002,22.08823529411765,23.07,24.18,25.35,26.25,22.04,23.479999999999997,20.43333333333333,23.623076923076926,22.62857142857143,21.925,22.490909090909092,22.416666666666668,21.895652173913042,22.066666666666666,23.277777777777782,21.450000000000003,22.72,21.736363636363638,20.766666666666666,21.066666666666666,24.336363636363636,23.77,27.55,22.073913043478264,21.54444444444444,23.631578947368414,22.02857142857143,24.13333333333333,22.95,20.179166666666664,21.283333333333335,23.22,20.76428571428571,23.777777777777782,22.985714285714288,24.075000000000003,21.758823529411764,25.65,26.9,30.24838709677419,28.135294117647064,23.231578947368423,24.235714285714288,23.299999999999997,20.522727272727266,24.1375,22.4,23.862500000000004,Null,23.4,23.2,23.1,29.983333333333334,30.170000000000005
09/2021,23.38235294117647,22.833333333333332,23.877777777777776,22.016666666666666,20.10952380952381,23.82,22.71666666666666,22.033333333333335,23.274999999999995,23.466666666666665,24.610000000000003,22.976923076923075,26.97619047619048,21.91818181818182,21.5,25.033333333333335,24.385714285714286,24.09,22.683333333333334,26.566666666666666,23.263636363636365,21.329166666666662,22.576923076923077,24.807692307692307,20.883333333333333,24.785714285714285,22.67777777777778,23.55,21.40666666666666,25.495,25.584615384615386,25.428571428571427,25.580769230769228,25.82608695652174,23.121428571428567,24.5,24.25833333333333,21.67209302325581,21.357142857142858,25.816666666666666,24.06153846153846,21.931250000000002,20.85555555555555,24.23,24.32,24.340000000000003,25.430000000000003,20.00909090909091,24.47,21.345454545454544,23.44285714285714,22.7,23.25,22.63333333333333,22.316666666666666,22.547826086956523,21.89333333333333,23.55,22.116666666666664,22.9,22.381818181818183,21.90666666666667,20.872222222222224,24.018181818181816,22.8,24.399999999999995,21.956521739130434,21.59444444444445,23.205263157894734,22.17142857142857,23.638461538461538,23.412499999999998,18.379166666666666,19.396153846153847,23.479999999999997,21.893333333333334,23.8,23.278571428571432,24.9125,22.611764705882354,23.869999999999997,25.657142857142862,26.848484848484848,24.952941176470585,24.342105263157894,24.328571428571422,23.188888888888886,20.995454545454546,23.849999999999998,22.3,24.044444444444444,Null,23.6,23.1,23.240000000000002,27.8,27.52
10/2021,16.28235294117647,16.26666666666667,17.51111111111111,16.458823529411767,14.223809523809523,18.05,15.0,15.366666666666667,18.63333333333333,17.049999999999997,19.900000000000002,17.23846153846154,20.73333333333333,16.854545454545455,15.899999999999999,19.275,18.94285714285714,17.670000000000005,17.166666666666668,19.96666666666667,16.318181818181817,17.181481481481487,16.684615384615384,19.106666666666673,14.955555555555556,17.535,16.644444444444446,16.9,17.296875,19.085714285714285,20.064285714285713,20.071428571428573,20.357692307692307,20.74782608695652,17.54285714285714,18.45,18.166666666666668,15.43953488372093,15.171428571428573,20.916666666666664,17.707692307692305,15.43529411764706,14.022222222222222,18.49,17.750000000000004,18.73,19.759999999999998,14.20909090909091,18.27,16.963636363636365,16.66923076923077,16.1625,16.9125,16.166666666666668,15.916666666666666,17.8,15.306666666666667,17.062499999999996,15.75,16.249999999999996,16.409090909090907,15.846666666666666,15.24736842105263,19.7,18.933333333333337,19.781249999999996,14.945833333333333,14.92631578947368,16.38421052631579,15.9,16.830769230769228,17.549999999999997,12.879166666666668,13.714285714285714,17.060000000000002,16.313333333333333,17.388888888888893,16.62142857142857,18.575000000000003,16.117647058823525,18.05,19.74285714285714,21.23939393939394,18.42105263157895,18.073684210526313,18.37142857142857,17.45555555555556,14.723809523809527,17.412499999999998,15.7,17.422222222222224,Null,17.2,16.799999999999997,16.740000000000002,21.83333333333334,21.37272727272727
11/2021,7.517647058823529,9.116666666666665,8.455555555555556,10.955555555555557,7.471428571428573,13.168181818181823,8.452941176470588,8.077777777777778,9.366666666666665,8.183333333333335,11.761111111111111,9.491666666666665,14.55238095238095,10.818181818181818,8.180000000000001,11.341666666666667,11.704545454545455,8.900000000000002,9.741666666666665,15.183333333333332,7.472727272727273,12.074074074074076,8.538461538461538,11.133333333333333,6.655555555555556,9.465,10.477777777777778,9.783333333333333,12.281250000000002,12.790476190476191,11.242857142857144,11.085714285714287,12.338461538461539,14.356521739130434,11.393749999999999,9.8,10.225,7.131818181818182,7.028571428571428,12.466666666666667,9.676923076923078,7.411764705882354,6.438888888888891,11.56,9.483333333333334,10.48,11.430000000000001,7.508333333333334,10.83,11.627272727272727,8.53076923076923,7.4,10.425,7.441666666666666,7.616666666666667,12.086363636363638,6.779999999999999,8.3375,10.100000000000001,9.8,10.0,10.62,6.98421052631579,10.908333333333333,9.55,12.187499999999998,6.716666666666666,6.494444444444444,7.836842105263158,6.842857142857142,7.676923076923078,10.525,5.8,6.329629629629629,10.985714285714284,10.633333333333333,9.122222222222224,9.907142857142857,10.575,10.217647058823527,9.24,10.814285714285713,15.745454545454546,12.0,11.321052631578947,9.961538461538462,9.999999999999998,6.085714285714286,8.625,6.6,9.733333333333333,Null,10.3,9.3,9.98,17.066666666666666,16.763636363636365
12/2021,6.372222222222221,8.485714285714284,8.41111111111111,7.816666666666665,4.590476190476189,11.081818181818182,7.4705882352941195,7.377777777777778,11.216666666666667,8.266666666666667,12.52941176470588,10.00909090909091,12.339999999999998,9.745454545454544,9.025,11.183333333333332,11.109523809523811,8.440000000000001,10.108333333333333,12.5,6.99,10.582142857142856,8.992307692307692,11.681249999999999,5.122727272727272,7.265000000000001,9.322222222222221,8.766666666666667,11.145161290322578,11.076190476190478,12.592307692307694,12.714285714285714,12.560869565217388,12.705263157894736,10.1,9.0,9.433333333333332,5.082222222222223,6.116666666666667,13.581818181818186,9.100000000000001,7.394117647058824,6.927777777777778,10.629999999999999,8.919999999999998,11.15,11.944444444444445,8.025,10.11,10.03076923076923,8.283333333333333,6.955555555555556,9.2125,6.99090909090909,7.066666666666666,10.610000000000003,6.533333333333332,7.7124999999999995,8.4125,8.41,8.845454545454546,8.753333333333334,7.611764705882353,14.083333333333336,12.541666666666666,12.293333333333331,6.55,5.98125,7.066666666666666,6.071428571428571,7.083333333333333,9.4875,3.7125,3.6346153846153846,9.842857142857143,9.173333333333336,9.044444444444444,8.916666666666668,9.999999999999998,8.641176470588235,11.129999999999999,11.500000000000002,13.502941176470587,10.061111111111112,10.473684210526315,9.307692307692307,10.322222222222221,5.515,8.5625,6.1,9.122222222222222,Null,9.6,9.15,9.24,14.585714285714285,14.69090909090909
